Year,CO2,Volcanic,Solar
1,277.45,0.004313737,1365.551796
2,277.14,0.004312386,1365.544193
3,277.16,0.004311932,1365.537762
4,277.16,0.010716928,1365.532407
5,277.16,0.009114345,1365.52803
6,277.17,0.006020496,1365.524521
7,277.17,0.004886863,1365.521706
8,277.17,0.004504542,1365.519395
9,277.18,0.004376409,1365.517399
10,277.18,0.004333428,1365.515528
11,277.18,0.004318999,1365.513592
12,277.19,0.004314154,1365.511404
13,277.2,0.004312526,1365.508771
14,277.2,0.004311979,1365.505507
15,277.2,0.004311796,1365.50142
16,277.21,0.004311734,1365.496399
17,277.22,0.004311713,1365.490645
18,277.22,0.004311706,1365.484434
19,277.23,0.004311704,1365.478044
20,277.23,0.004311703,1365.471752
21,277.23,0.004311703,1365.465837
22,277.23,0.004311703,1365.460576
23,277.24,0.004311703,1365.456246
24,277.25,0.004311703,1365.453125
25,277.25,0.004311703,1365.45149
26,277.26,0.004311703,1365.45156
27,277.26,0.004311703,1365.453318
28,277.28,0.004311703,1365.456686
29,277.28,0.004311703,1365.461588
30,277.28,0.004311703,1365.467948
31,277.28,0.013004406,1365.475688
32,277.29,0.010829539,1365.484732
33,277.29,0.006630767,1365.495003
34,277.29,0.005092273,1365.506424
35,277.3,0.004573411,1365.51892
36,277.3,0.004399518,1365.532353
37,277.31,0.004341187,1365.546349
38,277.31,0.004321605,1365.560473
39,277.32,0.004315029,1365.57429
40,277.32,0.00431282,1365.587367
41,277.33,0.004312078,1365.599268
42,277.33,0.004311829,1365.60956
43,277.33,0.004311745,1365.617807
44,277.34,0.004311717,1365.623575
45,277.34,0.004311708,1365.62643
46,277.34,0.004311704,1365.626078
47,277.35,0.004311703,1365.622792
48,277.35,0.004311703,1365.616983
49,277.35,0.004311703,1365.609065
50,277.36,0.004311703,1365.59945
51,277.36,0.004311703,1365.588552
52,277.36,0.004311703,1365.576783
53,277.37,0.004311703,1365.564556
54,277.37,0.004311703,1365.552284
55,277.38,0.004311703,1365.54038
56,277.38,0.004311703,1365.529172
57,277.39,0.004311703,1365.51865
58,277.39,0.017030501,1365.50872
59,277.39,0.013848328,1365.499288
60,277.4,0.00770486,1365.490258
61,277.4,0.0054538,1365.481537
62,277.4,0.004694624,1365.47303
63,277.41,0.004440189,1365.464643
64,277.41,0.004354842,1365.456281
65,277.42,0.004326191,1365.44785
66,277.42,0.004316569,1365.439273
67,277.43,0.004313338,1365.430543
68,277.43,0.004312252,1365.421672
69,277.43,0.004311887,1365.412671
70,277.44,0.004311765,1365.40355
71,277.44,0.004311723,1365.394322
72,277.44,0.00431171,1365.384996
73,277.44,0.004311705,1365.375585
74,277.45,0.004311704,1365.366099
75,277.45,0.004311703,1365.35655
76,277.46,0.004311703,1365.346993
77,277.46,0.004311703,1365.337659
78,277.46,0.004311703,1365.328826
79,277.46,0.004311703,1365.320769
80,277.47,0.004311703,1365.313765
81,277.48,0.004311703,1365.30809
82,277.48,0.004311703,1365.304021
83,277.49,0.004311703,1365.301834
84,277.49,0.004311703,1365.301805
85,277.5,0.004311703,1365.30421
86,277.51,0.004311703,1365.30925
87,277.51,0.129728368,1365.316819
88,277.52,0.084576431,1365.326736
89,277.52,0.033381191,1365.33882
90,277.53,0.014222544,1365.35289
91,277.54,0.007654079,1365.368763
92,277.54,0.005435905,1365.386259
93,277.55,0.004689514,1365.405197
94,277.56,0.004438637,1365.425394
95,277.57,0.007099409,1365.44667
96,277.57,0.006384291,1365.468807
97,277.58,0.005048851,1365.491439
98,277.58,0.004559815,1365.514165
99,277.6,0.004394891,1365.536585
100,277.61,0.004339616,1365.558295
101,277.62,0.004321075,1365.578895
102,277.62,0.009713476,1365.597983
103,277.63,0.00836068,1365.615158
104,277.63,0.00575232,1365.630017
105,277.64,0.004796598,1365.64216
106,277.65,0.004474278,1365.651255
107,277.64,0.004366254,1365.657255
108,277.65,0.004330019,1365.66018
109,277.66,0.004317854,1365.660054
110,277.66,0.004313769,1365.656898
111,277.66,0.004312397,1365.650734
112,277.67,0.004311936,1365.641584
113,277.68,0.004311781,1365.62947
114,277.69,0.043898794,1365.614415
115,277.7,0.02963467,1365.59644
116,277.71,0.013482928,1365.575643
117,277.72,0.007438506,1365.552424
118,277.72,0.005366201,1365.52726
119,277.72,0.004666381,1365.500624
120,277.73,0.0044309,1365.472994
121,277.73,0.021737156,1365.444845
122,277.74,0.017360829,1365.416652
123,277.74,0.008954349,1365.388892
124,277.75,0.028658395,1365.362039
125,277.75,0.02191922,1365.33657
126,277.76,0.01056589,1365.312902
127,277.76,0.006416643,1365.291217
128,277.77,0.005017478,1365.271641
129,277.77,0.004548528,1365.254296
130,277.77,0.004391218,1365.239308
131,277.77,0.004338408,1365.226802
132,277.78,0.004320672,1365.2169
133,277.79,0.004314716,1365.209728
134,277.79,0.004312715,1365.20541
135,277.79,0.004312043,1365.20407
136,277.8,0.004311817,1365.205768
137,277.81,0.004311741,1365.210303
138,277.81,0.004311716,1365.21741
139,277.82,0.004311707,1365.226825
140,277.83,0.004311704,1365.238282
141,277.83,0.004311703,1365.251516
142,277.84,0.004311703,1365.266262
143,277.85,0.014559941,1365.282255
144,277.86,0.011995886,1365.299229
145,277.86,0.007045756,1365.31692
146,277.87,0.005231954,1365.335073
147,277.88,0.004620244,1365.353473
148,277.88,0.004415232,1365.371917
149,277.89,0.004346463,1365.3902
150,277.9,0.00706844,1365.408118
151,277.91,0.006373888,1365.425468
152,277.92,0.005045356,1365.442045
153,277.92,0.004558641,1365.457646
154,277.93,0.004394497,1365.472065
155,277.95,0.004339484,1365.4851
156,277.96,0.004321031,1365.496594
157,277.98,0.004314836,1365.50658
158,277.98,0.004312755,1365.51514
159,278,0.004312056,1365.522357
160,278.01,0.044605806,1365.52831
161,278.03,0.030086898,1365.533082
162,278.04,0.013646707,1365.536755
163,278.06,0.007494344,1365.53941
164,278.07,0.010234643,1365.541127
165,278.09,0.008308981,1365.54199
166,278.11,0.005726822,1365.542097
167,278.124,0.004787941,1365.541619
168,278.138,0.004471402,1365.540745
169,278.155,0.158748139,1365.539664
170,278.172,0.109758975,1365.538565
171,278.194,0.042223923,1365.537636
172,278.211,0.036858956,1365.537066
173,278.233,0.021229159,1365.537044
174,278.257,0.010325503,1365.537759
175,278.278,0.006354761,1365.5394
176,278.298,0.005000067,1365.542121
177,278.321,0.004543161,1365.54594
178,278.34,0.004389481,1365.55084
179,278.363,0.004337833,1365.556805
180,278.384,0.004320481,1365.563818
181,278.404,0.004314651,1365.571863
182,278.415,0.004312693,1365.580923
183,278.432,0.004312035,1365.590982
184,278.455,0.004311814,1365.602023
185,278.483,0.004311741,1365.61403
186,278.508,0.004311715,1365.62694
187,278.52,0.004311707,1365.640508
188,278.543,0.004311704,1365.654443
189,278.561,0.004311703,1365.668453
190,278.58,0.004311703,1365.682248
191,278.599,0.004311703,1365.695536
192,278.635,0.019628127,1365.708026
193,278.661,0.014109276,1365.719428
194,278.681,0.007860092,1365.72945
195,278.712,0.005521478,1365.7378
196,278.735,0.004719693,1365.74425
197,278.765,0.00444893,1365.748819
198,278.789,0.004357821,1365.751588
199,278.816,0.004327197,1365.752639
200,278.845,0.004316908,1365.752051
201,278.877,0.004313451,1365.749907
202,278.901,0.00431229,1365.746288
203,278.936,0.0043119,1365.741275
204,278.957,0.004311769,1365.734948
205,278.986,0.004311725,1365.72739
206,279.021,0.028651281,1365.718701
207,279.051,0.022561648,1365.709064
208,279.088,0.010805082,1365.698679
209,279.114,0.006497299,1365.687749
210,279.137,0.005044487,1365.676476
211,279.164,0.004557584,1365.665062
212,279.187,0.004394258,1365.653709
213,279.212,0.004339428,1365.642618
214,279.237,0.004321015,1365.631991
215,279.261,0.0072429,1365.62203
216,279.282,0.006508236,1365.612875
217,279.306,0.005093214,1365.604413
218,279.334,0.036807811,1365.59647
219,279.353,0.024807079,1365.588871
220,279.379,0.011607646,1365.581442
221,279.404,0.006796655,1365.574008
222,279.429,0.005148756,1365.566394
223,279.452,0.004593086,1365.558426
224,279.474,0.004406245,1365.54993
225,279.497,0.004343463,1365.54073
226,279.516,0.026707918,1365.530695
227,279.533,0.018634817,1365.519865
228,279.554,0.009499015,1365.508323
229,279.578,0.00608024,1365.496151
230,279.602,0.017043452,1365.483433
231,279.625,0.012275003,1365.470251
232,279.646,0.007190538,1365.456688
233,279.667,0.005292868,1365.442826
234,279.693,0.004642566,1365.428749
235,279.717,0.004422985,1365.41454
236,279.739,0.071524504,1365.400269
237,279.749,0.085591119,1365.385959
238,279.77,0.034187867,1365.371622
239,279.788,0.014392877,1365.357268
240,279.806,0.007693029,1365.342908
241,279.825,0.005446369,1365.328553
242,279.835,0.004692675,1365.314215
243,279.846,0.004439652,1365.299905
244,279.855,0.025907481,1365.285633
245,279.863,0.017510339,1365.27141
246,279.877,0.008984668,1365.257262
247,279.892,0.005905714,1365.243271
248,279.911,0.004848892,1365.229533
249,279.915,0.004492313,1365.216145
250,279.928,0.00437239,1365.203202
251,279.952,0.004332091,1365.190802
252,279.974,0.004318552,1365.17904
253,279.987,0.004314004,1365.168014
254,279.994,0.004312476,1365.157818
255,279.998,0.004311962,1365.14855
256,280.007,0.00431179,1365.140332
257,280.012,0.004311732,1365.133391
258,280.031,0.004311712,1365.127979
259,280.039,0.004311706,1365.12435
260,280.046,0.004311704,1365.122757
261,280.059,0.004311703,1365.123451
262,280.056,0.004311703,1365.126687
263,280.07,0.004311703,1365.132717
264,280.073,0.004311703,1365.141794
265,280.076,0.004311703,1365.15417
266,280.086,0.217321198,1365.169982
267,280.097,0.139679254,1365.188898
268,280.109,0.052103678,1365.210467
269,280.123,0.020628125,1365.234241
270,280.122,0.009811865,1365.25977
271,280.142,0.006161112,1365.286606
272,280.15,0.004933151,1365.314298
273,280.161,0.00452048,1365.342397
274,280.172,0.004381837,1365.370454
275,280.181,0.004335262,1365.39802
276,280.187,0.004319616,1365.42471
277,280.197,0.004314361,1365.450399
278,280.207,0.004312596,1365.475026
279,280.204,0.004312002,1365.498532
280,280.216,0.004311803,1365.520855
281,280.213,0.098331018,1365.541935
282,280.222,0.06445374,1365.561712
283,280.228,0.026093353,1365.580125
284,280.23,0.011737855,1365.597115
285,280.231,0.006816132,1365.61262
286,280.235,0.005154063,1365.626642
287,280.245,0.004594795,1365.639429
288,280.242,0.004406814,1365.651292
289,280.243,0.004343654,1365.662541
290,280.237,0.004322436,1365.673486
291,280.242,0.004315308,1365.684437
292,280.235,0.004312914,1365.695705
293,280.243,0.00431211,1365.7076
294,280.233,0.004311839,1365.720431
295,280.235,0.004311749,1365.73451
296,280.236,0.004311718,1365.749993
297,280.24,0.004311708,1365.766421
298,280.225,0.004311704,1365.783183
299,280.211,0.027404159,1365.799668
300,280.206,0.01908343,1365.815263
301,280.209,0.009661582,1365.829357
302,280.211,0.006135671,1365.841339
303,280.21,0.004926826,1365.850596
304,280.207,0.094633662,1365.856517
305,280.206,0.067136381,1365.85849
306,280.208,0.026879508,1365.856079
307,280.203,0.011954017,1365.849547
308,280.196,0.006880832,1365.839336
309,280.197,0.005174688,1365.825883
310,280.196,0.004601575,1365.80963
311,280.193,0.004409072,1365.791015
312,280.19,0.00434441,1365.770477
313,280.192,0.00432269,1365.748458
314,280.171,0.004315393,1365.725396
315,280.169,0.004312943,1365.70173
316,280.157,0.004312119,1365.677866
317,280.156,0.004311843,1365.654072
318,280.148,0.00431175,1365.63058
319,280.14,0.004311719,1365.607622
320,280.126,0.004311708,1365.585433
321,280.125,0.004311704,1365.564244
322,280.118,0.004311703,1365.544288
323,280.11,0.004311703,1365.525799
324,280.101,0.004311703,1365.509008
325,280.087,0.004311703,1365.49415
326,280.08,0.004311703,1365.481376
327,280.088,0.004311703,1365.470521
328,280.087,0.004311703,1365.461339
329,280.08,0.004311703,1365.453582
330,280.065,0.004311703,1365.447005
331,280.057,0.004311703,1365.441362
332,280.048,0.05475374,1365.436406
333,280.035,0.039779734,1365.431891
334,280.025,0.017072453,1365.427571
335,280.007,0.008635118,1365.4232
336,279.993,0.005765459,1365.418599
337,279.975,0.004800076,1365.413863
338,279.965,0.004475751,1365.409152
339,279.949,0.004366808,1365.404629
340,279.926,0.004330213,1365.400455
341,279.919,0.00431792,1365.396791
342,279.89,0.004313791,1365.393801
343,279.875,0.004312404,1365.391644
344,279.85,0.004311938,1365.390483
345,279.833,0.053062151,1365.39048
346,279.827,0.037760749,1365.391765
347,279.813,0.016345497,1365.394344
348,279.806,0.008395888,1365.398192
349,279.788,0.005685899,1365.403285
350,279.78,0.004773462,1365.409597
351,279.761,0.004466826,1365.417103
352,279.752,0.004363812,1365.425778
353,279.734,0.009727833,1365.435598
354,279.726,0.008365502,1365.446537
355,279.717,0.005753939,1365.45857
356,279.7,0.004797141,1365.471634
357,279.668,0.00447446,1365.485513
358,279.644,0.004366315,1365.49995
359,279.614,0.00433004,1365.514691
360,279.588,0.010265499,1365.52948
361,279.559,0.008773343,1365.544063
362,279.532,0.005899126,1365.558183
363,279.496,0.004846011,1365.571587
364,279.466,0.004490845,1365.584017
365,279.441,0.004371813,1365.59522
366,279.42,0.038499299,1365.604975
367,279.4,0.026174605,1365.613204
368,279.373,0.012229615,1365.619863
369,279.351,0.035641128,1365.624909
370,279.331,0.023536013,1365.628299
371,279.307,0.011250667,1365.629989
372,279.276,0.006675957,1365.629937
373,279.249,0.005108904,1365.628099
374,279.223,0.004579826,1365.624431
375,279.22,0.004401809,1365.61889
376,279.206,0.004341976,1365.611492
377,279.194,0.004321873,1365.602489
378,279.181,0.004315119,1365.592191
379,279.167,0.032707146,1365.580907
380,279.144,0.022475281,1365.56895
381,279.137,0.01089,1365.556628
382,279.114,0.006554483,1365.544253
383,279.108,0.005068068,1365.532135
384,279.097,0.004566105,1365.520584
385,279.086,0.0043972,1365.50991
386,279.071,0.004340428,1365.500357
387,279.055,0.004321353,1365.491899
388,279.037,0.008981553,1365.484441
389,279.017,0.007811841,1365.47789
390,279.017,0.00555704,1365.472152
391,279.006,0.004730869,1365.467133
392,278.987,0.00445224,1365.462741
393,278.98,0.043761552,1365.45888
394,278.974,0.027629212,1365.455458
395,278.96,0.012517155,1365.45238
396,278.942,0.007115162,1365.449546
397,278.938,0.005256942,1365.446825
398,278.906,0.00462956,1365.444079
399,278.884,0.004418514,1365.441171
400,278.88,0.004347587,1365.437963
401,278.864,0.004323757,1365.434317
402,278.846,0.004315752,1365.430096
403,278.833,0.004313063,1365.425161
404,278.832,0.00431216,1365.419375
405,278.835,0.004311856,1365.4126
406,278.84,0.004311754,1365.404734
407,278.836,0.00431172,1365.395815
408,278.839,0.004311708,1365.385917
409,278.84,0.004311704,1365.375116
410,278.829,0.004311703,1365.363484
411,278.821,0.028346711,1365.351095
412,278.814,0.019686357,1365.338024
413,278.817,0.009879946,1365.324346
414,278.804,0.006210119,1365.310133
415,278.789,0.004951934,1365.29546
416,278.775,0.004527043,1365.28041
417,278.76,0.004384073,1365.265098
418,278.754,0.02224445,1365.249649
419,278.719,0.015775494,1365.234187
420,278.703,0.008463333,1365.218836
421,278.692,0.005727131,1365.203722
422,278.67,0.004789047,1365.188967
423,278.655,0.032395278,1365.174698
424,278.641,0.022227388,1365.161037
425,278.627,0.010798817,1365.14811
426,278.608,0.033385956,1365.136043
427,278.593,0.022240979,1365.124969
428,278.572,0.010785892,1365.115028
429,278.558,0.006517769,1365.106354
430,278.544,0.00505558,1365.099084
431,278.522,0.004561893,1365.093356
432,278.498,0.004395783,1365.089306
433,278.473,0.168150189,1365.08707
434,278.455,0.119628486,1365.086786
435,278.426,0.045800339,1365.08859
436,278.396,0.018368271,1365.092564
437,278.369,0.009038244,1365.098569
438,278.351,0.005899531,1365.106413
439,278.313,0.004845067,1365.115902
440,278.287,0.004490864,1365.126843
441,278.268,0.004371885,1365.139042
442,278.251,0.004331919,1365.152307
443,278.232,0.004318494,1365.166443
444,278.226,0.004313984,1365.181259
445,278.22,0.004312469,1365.19656
446,278.19,0.00431196,1365.212151
447,278.18,0.004311789,1365.227826
448,278.151,0.004311732,1365.243378
449,278.137,0.004311712,1365.258598
450,278.119,0.004311706,1365.273278
451,278.102,0.004311704,1365.28721
452,278.083,0.015740112,1365.300187
453,278.051,0.011622199,1365.311999
454,278.026,0.006959348,1365.32244
455,278.01,0.005214381,1365.3313
456,277.985,0.050461205,1365.338448
457,277.971,0.03145064,1365.344054
458,277.949,0.013855651,1365.348363
459,277.925,0.007572761,1365.351622
460,277.897,0.005411266,1365.354076
461,277.883,0.00468146,1365.355971
462,277.865,0.011939129,1365.357554
463,277.845,0.009979368,1365.359069
464,277.816,0.006327444,1365.360762
465,277.8,0.004990169,1365.36288
466,277.777,0.004539181,1365.365629
467,277.759,0.034667426,1365.369061
468,277.738,0.023706378,1365.373188
469,277.713,0.026415988,1365.378023
470,277.693,0.016353065,1365.383577
471,277.674,0.008613036,1365.389864
472,277.644,0.005774478,1365.396895
473,277.629,0.004804697,1365.404683
474,277.611,0.004477486,1365.413241
475,277.59,0.004367414,1365.42258
476,277.561,0.004330419,1365.432684
477,277.533,0.00431799,1365.44342
478,277.517,0.004313815,1365.454625
479,277.496,0.004312412,1365.466135
480,277.485,0.004311941,1365.477788
481,277.48,0.004311783,1365.489421
482,277.464,0.004311729,1365.500872
483,277.459,0.004311712,1365.511977
484,277.449,0.004311706,1365.522574
485,277.444,0.004311704,1365.5325
486,277.427,0.004311703,1365.541631
487,277.401,0.006416252,1365.549999
488,277.378,0.005889706,1365.557675
489,277.37,0.004873161,1365.564729
490,277.353,0.004500683,1365.571234
491,277.348,0.004375064,1365.57726
492,277.331,0.021352359,1365.582877
493,277.311,0.017080075,1365.588157
494,277.299,0.008854581,1365.593171
495,277.277,0.005840782,1365.59799
496,277.264,0.004824372,1365.602683
497,277.258,0.004483726,1365.607315
498,277.239,0.00436946,1365.611948
499,277.235,0.0043311,1365.616645
500,277.217,0.004318218,1365.621471
501,277.206,0.032943822,1365.626486
502,277.192,0.022626361,1365.631755
503,277.186,0.010944708,1365.63734
504,277.172,0.006573134,1365.643304
505,277.158,0.005074358,1365.64971
506,277.141,0.00456822,1365.656573
507,277.137,0.004397911,1365.663713
508,277.122,0.004340666,1365.670902
509,277.116,0.004321433,1365.677912
510,277.11,0.004314971,1365.684516
511,277.099,0.016565941,1365.690486
512,277.084,0.01215013,1365.695593
513,277.072,0.007150538,1365.699609
514,277.063,0.005279565,1365.702308
515,277.052,0.004638109,1365.70346
516,277.048,0.004421489,1365.702862
517,277.041,0.004348598,1365.700401
518,277.033,0.004324099,1365.695992
519,277.026,0.004315867,1365.689545
520,277.024,0.004313102,1365.680973
521,277.015,0.047433801,1365.670188
522,277.01,0.031895799,1365.657104
523,277.009,0.014301836,1365.641631
524,277.004,0.007717701,1365.623682
525,277.011,0.005460357,1365.60317
526,277.012,0.004698051,1365.580112
527,277.015,0.004441543,1365.554947
528,277.016,0.011492492,1365.528219
529,277.013,0.009677843,1365.500472
530,277.014,0.006220699,1365.472251
531,277.013,0.004954245,1365.444099
532,277.013,0.004527135,1365.416561
533,277.036,0.00438399,1365.390181
534,277.045,0.004335973,1365.365502
535,277.053,0.004319854,1365.34307
536,277.056,0.209721336,1365.323321
537,277.055,0.145742434,1365.306268
538,277.063,0.055654451,1365.291816
539,277.057,0.021816301,1365.27987
540,277.057,0.305424109,1365.270336
541,277.074,0.220492016,1365.263119
542,277.07,0.082085963,1365.258125
543,277.076,0.030750922,1365.255258
544,277.092,0.013212091,1365.254425
545,277.094,0.007302956,1365.25553
546,277.095,0.005316652,1365.258447
547,277.109,0.024089374,1365.262923
548,277.112,0.016860488,1365.268672
549,277.112,0.008853521,1365.275408
550,277.13,0.005859982,1365.282847
551,277.136,0.004833835,1365.290702
552,277.125,0.004487319,1365.298688
553,277.122,0.004370722,1365.306521
554,277.114,0.004331532,1365.313913
555,277.131,0.004318364,1365.32058
556,277.127,0.00431394,1365.326313
557,277.124,0.004312454,1365.331207
558,277.123,0.004311955,1365.335435
559,277.131,0.004311787,1365.33917
560,277.131,0.004311731,1365.342582
561,277.132,0.004311712,1365.345845
562,277.146,0.004311706,1365.349132
563,277.139,0.004311704,1365.352613
564,277.139,0.004311703,1365.356462
565,277.14,0.004311703,1365.36085
566,277.148,0.004311703,1365.365914
567,277.146,0.004311703,1365.371648
568,277.146,0.004311703,1365.378008
569,277.153,0.004311703,1365.384951
570,277.15,0.004311703,1365.392434
571,277.146,0.015857932,1365.400416
572,277.155,0.011697565,1365.408852
573,277.161,0.006986642,1365.4177
574,277.159,0.246954434,1365.426917
575,277.169,0.179419182,1365.43646
576,277.173,0.067357218,1365.446252
577,277.178,0.025695306,1365.456077
578,277.181,0.011505046,1365.465686
579,277.191,0.006728629,1365.474827
580,277.194,0.005123621,1365.48325
581,277.198,0.019900864,1365.490706
582,277.212,0.014200891,1365.496944
583,277.226,0.007890867,1365.501714
584,277.241,0.005531816,1365.504766
585,277.262,0.004723166,1365.50585
586,277.277,0.004450097,1365.50479
587,277.292,0.004358213,1365.50171
588,277.303,0.004327329,1365.496809
589,277.323,0.050232336,1365.490286
590,277.335,0.036018234,1365.48234
591,277.347,0.015724324,1365.47317
592,277.366,0.00818382,1365.462974
593,277.381,0.005614403,1365.451951
594,277.403,0.00474942,1365.4403
595,277.425,0.024841374,1365.42822
596,277.43,0.017399404,1365.415906
597,277.436,0.009050381,1365.403538
598,277.446,0.005927207,1365.391292
599,277.47,0.004856516,1365.379343
600,277.488,0.004494949,1365.367869
601,277.508,0.004373287,1365.357045
602,277.514,0.004332393,1365.347047
603,277.529,0.004318654,1365.338051
604,277.55,0.004314038,1365.330233
605,277.576,0.004312487,1365.32377
606,277.591,0.004311966,1365.31879
607,277.605,0.043152667,1365.315233
608,277.619,0.027923159,1365.312993
609,277.636,0.012662556,1365.311961
610,277.656,0.00716129,1365.312031
611,277.674,0.00527213,1365.313096
612,277.687,0.004634625,1365.315049
613,277.702,0.00442021,1365.317782
614,277.722,0.004348156,1365.321188
615,277.744,0.004323948,1365.32516
616,277.773,0.004315816,1365.329586
617,277.789,0.004313085,1365.334334
618,277.807,0.004312167,1365.339265
619,277.826,0.004311859,1365.344244
620,277.851,0.004311755,1365.349131
621,277.873,0.00431172,1365.353791
622,277.886,0.004311708,1365.358085
623,277.91,0.004311704,1365.361876
624,277.93,0.004311703,1365.365027
625,277.956,0.004311703,1365.3674
626,277.973,0.157398919,1365.368872
627,277.982,0.103794738,1365.369378
628,278.009,0.040341481,1365.368866
629,278.028,0.022543195,1365.367284
630,278.05,0.012913936,1365.364582
631,278.071,0.007291806,1365.360707
632,278.089,0.038774549,1365.355609
633,278.106,0.026052023,1365.349236
634,278.119,0.012176503,1365.341537
635,278.145,0.006992522,1365.33246
636,278.16,0.005215743,1365.321985
637,278.171,0.029394455,1365.310213
638,278.185,0.019700633,1365.29728
639,278.189,0.009766429,1365.283317
640,278.204,0.006171566,1365.268459
641,278.222,0.009330508,1365.252838
642,278.237,0.007815622,1365.236589
643,278.253,0.005554237,1365.219844
644,278.266,0.00472988,1365.202736
645,278.281,0.004451924,1365.1854
646,278.295,0.004358756,1365.167964
647,278.307,0.004327501,1365.15054
648,278.318,0.004317009,1365.133235
649,278.333,0.004313485,1365.116158
650,278.351,0.004312301,1365.099415
651,278.362,0.004311904,1365.083114
652,278.383,0.00431177,1365.067362
653,278.392,0.004311725,1365.052268
654,278.403,0.004311711,1365.037938
655,278.414,0.004311706,1365.02448
656,278.427,0.004311704,1365.011988
657,278.437,0.01609357,1365.000498
658,278.446,0.0118483,1364.990035
659,278.456,0.007041234,1364.980623
660,278.462,0.005242299,1364.972284
661,278.479,0.004625542,1364.965042
662,278.49,0.004417262,1364.958922
663,278.501,0.004347179,1364.953945
664,278.509,0.004323622,1364.950137
665,278.525,0.004315707,1364.94752
666,278.528,0.004313048,1364.94608
667,278.539,0.004312154,1364.945652
668,278.556,0.004311854,1364.946031
669,278.571,0.004311754,1364.947014
670,278.581,0.00431172,1364.948397
671,278.589,0.01986377,1364.949976
672,278.595,0.014260009,1364.951547
673,278.601,0.007914684,1364.952908
674,278.608,0.00554009,1364.953853
675,278.626,0.00472597,1364.95418
676,278.637,0.004451041,1364.953743
677,278.64,0.004358531,1364.952633
678,278.649,0.004327435,1364.951001
679,278.66,0.004316988,1364.948995
680,278.665,0.004313478,1364.946765
681,278.674,0.004312299,1364.944461
682,278.683,0.271883929,1364.942233
683,278.689,0.201155215,1364.94023
684,278.697,0.075192414,1364.938603
685,278.716,0.028353236,1364.9375
686,278.726,0.012399179,1364.937059
687,278.735,0.007029054,1364.937369
688,278.741,0.073557666,1364.938505
689,278.755,0.043793773,1364.940542
690,278.769,0.018118063,1364.943557
691,278.781,0.009035185,1364.947625
692,278.799,0.005904988,1364.952821
693,278.799,0.004847562,1364.959222
694,278.81,0.026641686,1364.966903
695,278.814,0.018540999,1364.97594
696,278.824,0.009463541,1364.986337
697,278.828,0.00606805,1364.997812
698,278.832,0.042124251,1365.010011
699,278.84,0.030368717,1365.02258
700,278.85,0.0136896,1365.035165
701,278.861,0.007492205,1365.047414
702,278.874,0.00538159,1365.058971
703,278.882,0.004671177,1365.069484
704,278.89,0.00443246,1365.078598
705,278.901,0.004352267,1365.08596
706,278.903,0.004325329,1365.091309
707,278.91,0.00431628,1365.094754
708,278.92,0.00431324,1365.096498
709,278.927,0.004312219,1365.096743
710,278.936,0.004311876,1365.095692
711,278.952,0.004311761,1365.093547
712,278.958,0.004311722,1365.090511
713,278.963,0.016481493,1365.086786
714,278.974,0.013436676,1365.082575
715,278.982,0.007558394,1365.07808
716,278.989,0.005404502,1365.073509
717,278.998,0.011266249,1365.069094
718,279.004,0.009374477,1365.065073
719,279.009,0.006110587,1365.061681
720,279.014,0.004917156,1365.059158
721,279.025,0.004514707,1365.057741
722,279.03,0.004379821,1365.057665
723,279.036,0.004334574,1365.05917
724,279.041,0.004319384,1365.062493
725,279.049,0.011085441,1365.06787
726,279.051,0.009389622,1365.07548
727,279.055,0.006118424,1365.085265
728,279.063,0.004919824,1365.097108
729,279.07,0.004515593,1365.110891
730,279.073,0.004380117,1365.126497
731,279.081,0.004334673,1365.143809
732,279.088,0.017279469,1365.16271
733,279.098,0.012604548,1365.183082
734,279.108,0.007315057,1365.204807
735,279.115,0.005335651,1365.22777
736,279.115,0.004657024,1365.251818
737,279.122,0.004427851,1365.276661
738,279.121,0.004350737,1365.301977
739,279.127,0.004324817,1365.327443
740,279.131,0.004316109,1365.352733
741,279.137,0.004313183,1365.377526
742,279.142,0.0043122,1365.401498
743,279.146,0.00431187,1365.424325
744,279.154,0.004311759,1365.445683
745,279.161,0.019592578,1365.46525
746,279.172,0.015769382,1365.482731
747,279.178,0.008388377,1365.497954
748,279.193,0.005683864,1365.510774
749,279.203,0.016941541,1365.521048
750,279.207,0.093589905,1365.528632
751,279.213,0.058783694,1365.533383
752,279.214,0.023955409,1365.535157
753,279.227,0.011002681,1365.53381
754,279.231,0.006567567,1365.529199
755,279.234,0.005070384,1365.52118
756,279.247,0.055464328,1365.509686
757,279.258,0.036955455,1365.494953
758,279.268,0.016132048,1365.477295
759,279.273,0.008341543,1365.457025
760,279.278,0.005670732,1365.434457
761,279.288,0.004768808,1365.409903
762,279.294,0.004465322,1365.383677
763,279.296,0.004363315,1365.356093
764,279.301,0.052963876,1365.327463
765,279.303,0.031858459,1365.2981
766,279.306,0.013923335,1365.268329
767,279.311,0.007602381,1365.238519
768,279.313,0.005421909,1365.209049
769,279.32,0.004685116,1365.180299
770,279.322,0.004437193,1365.152648
771,279.324,0.004353864,1365.126476
772,279.328,0.004325867,1365.102162
773,279.327,0.004316461,1365.080087
774,279.326,0.004313301,1365.06063
775,279.324,0.004312239,1365.04417
776,279.327,0.004311883,1365.031005
777,279.333,0.021866743,1365.021105
778,279.345,0.01554125,1365.014357
779,279.349,0.00837871,1365.010648
780,279.347,0.005698294,1365.009866
781,279.343,0.004779323,1365.011898
782,279.341,0.053010272,1365.016632
783,279.342,0.035415329,1365.023956
784,279.338,0.015575125,1365.033756
785,279.341,0.008151722,1365.04592
786,279.337,0.005606721,1365.060282
787,279.335,0.004747279,1365.076456
788,279.328,0.004458087,1365.094005
789,279.326,0.004360884,1365.112489
790,279.316,0.004328224,1365.131471
791,279.316,0.004317253,1365.150511
792,279.311,0.004313567,1365.16917
793,279.308,0.004312329,1365.187011
794,279.295,0.004311913,1365.203593
795,279.294,0.004311773,1365.21848
796,279.294,0.004311726,1365.231331
797,279.288,0.004311711,1365.242208
798,279.282,0.004311706,1365.251269
799,279.277,0.004311704,1365.258676
800,279.28,0.044723502,1365.264588
801,279.274,0.030162222,1365.269166
802,279.272,0.01367399,1365.272568
803,279.273,0.007503645,1365.274957
804,279.273,0.005388168,1365.276491
805,279.276,0.00467377,1365.27733
806,279.281,0.004433383,1365.277629
807,279.283,0.004352584,1365.27752
808,279.285,0.004325436,1365.277127
809,279.293,0.004316316,1365.276577
810,279.295,0.004313253,1365.275994
811,279.298,0.004312223,1365.275504
812,279.302,0.004311878,1365.275234
813,279.303,0.004311761,1365.275307
814,279.305,0.004311722,1365.275851
815,279.307,0.004311709,1365.27699
816,279.311,0.004311705,1365.278823
817,279.313,0.114354328,1365.281341
818,279.315,0.074703491,1365.284509
819,279.32,0.042158297,1365.28829
820,279.319,0.022265651,1365.292649
821,279.324,0.010538462,1365.29755
822,279.325,0.072503117,1365.302958
823,279.326,0.047295235,1365.308836
824,279.326,0.019860474,1365.315148
825,279.323,0.009611638,1365.32186
826,279.323,0.00609897,1365.328943
827,279.321,0.007200388,1365.336401
828,279.322,0.006228944,1365.344247
829,279.323,0.004989856,1365.352493
830,279.326,0.004539917,1365.361152
831,279.326,0.004388233,1365.370235
832,279.326,0.004337385,1365.379755
833,279.324,0.004320326,1365.389724
834,279.329,0.004314599,1365.400155
835,279.324,0.020453833,1365.41106
836,279.325,0.014637167,1365.422416
837,279.323,0.00805127,1365.434059
838,279.327,0.005586657,1365.445791
839,279.329,0.004741674,1365.457412
840,279.334,0.004456323,1365.468724
841,279.334,0.018027269,1365.479528
842,279.334,0.013070481,1365.489626
843,279.339,0.007483443,1365.498818
844,279.349,0.005393037,1365.506906
845,279.349,0.004676375,1365.51369
846,279.352,0.004434359,1365.519027
847,279.349,0.004352924,1365.522993
848,279.349,0.004325552,1365.525717
849,279.352,0.004316355,1365.527331
850,279.355,0.004313266,1365.527965
851,279.353,0.004312228,1365.527748
852,279.355,0.004311879,1365.526812
853,279.352,0.089572925,1365.525286
854,279.352,0.058205137,1365.523302
855,279.35,0.023496706,1365.52099
856,279.348,0.010847119,1365.518464
857,279.346,0.006513256,1365.515774
858,279.349,0.005051789,1365.512954
859,279.348,0.049947296,1365.510039
860,279.347,0.036097328,1365.507063
861,279.351,0.015757321,1365.50406
862,279.345,0.008192402,1365.501064
863,279.347,0.005616988,1365.498109
864,279.348,0.004750251,1365.49523
865,279.347,0.004459021,1365.49246
866,279.336,0.004361189,1365.489794
867,279.326,0.004328326,1365.487066
868,279.317,0.004317287,1365.484068
869,279.314,0.008980187,1365.480593
870,279.312,0.007811382,1365.476437
871,279.308,0.005556886,1365.471391
872,279.306,0.004730817,1365.465248
873,279.303,0.004452223,1365.457804
874,279.285,0.004358854,1365.44885
875,279.276,0.004327534,1365.43818
876,279.269,0.03483205,1365.425648
877,279.259,0.023833268,1365.411347
878,279.252,0.011381784,1365.395432
879,279.238,0.042656838,1365.378056
880,279.227,0.04743348,1365.359374
881,279.224,0.025270202,1365.33954
882,279.216,0.011718337,1365.318707
883,279.204,0.006825959,1365.29703
884,279.191,0.005158724,1365.274663
885,279.185,0.004596503,1365.25176
886,279.17,0.004407404,1365.228501
887,279.158,0.004343854,1365.205174
888,279.147,0.004322503,1365.182092
889,279.148,0.004315331,1365.159568
890,279.14,0.004312921,1365.137917
891,279.129,0.004312112,1365.117451
892,279.122,0.00431184,1365.098485
893,279.109,0.004311749,1365.081332
894,279.098,0.004311718,1365.066306
895,279.086,0.004311708,1365.05372
896,279.078,0.004311704,1365.04384
897,279.07,0.004311703,1365.036743
898,279.055,0.004311703,1365.032456
899,279.045,0.004311703,1365.031007
900,279.038,0.06235401,1365.032425
901,279.021,0.043878075,1365.036739
902,279.015,0.018537796,1365.043976
903,279.002,0.009141473,1365.054165
904,278.994,0.051297116,1365.067333
905,278.989,0.033873723,1365.08351
906,278.981,0.015003862,1365.10266
907,278.961,0.007956127,1365.124492
908,278.95,0.019443283,1365.148655
909,278.938,0.013618238,1365.174793
910,278.93,0.007671464,1365.202554
911,278.918,0.005456477,1365.231585
912,278.909,0.00469771,1365.261531
913,278.899,0.004441529,1365.29204
914,278.894,0.004355333,1365.322757
915,278.883,0.004326361,1365.35333
916,278.871,0.084359882,1365.383412
917,278.866,0.054734163,1365.412683
918,278.857,0.022251307,1365.440833
919,278.849,0.01042379,1365.467548
920,278.831,0.006370748,1365.492517
921,278.817,0.005003894,1365.515427
922,278.804,0.004544276,1365.535966
923,278.792,0.004389834,1365.553823
924,278.784,0.004337949,1365.568685
925,278.772,0.004320519,1365.58024
926,278.768,0.004314664,1365.588289
927,278.753,0.004312698,1365.593082
928,278.742,0.004312037,1365.594985
929,278.74,0.055338532,1365.594362
930,278.723,0.036826966,1365.591577
931,278.713,0.015900987,1365.586994
932,278.704,0.008258148,1365.580978
933,278.696,0.005640968,1365.573892
934,278.684,0.004758537,1365.566101
935,278.679,0.004461835,1365.55797
936,278.673,0.004362138,1365.54981
937,278.658,0.004328645,1365.541723
938,278.649,0.004317394,1365.53376
939,278.644,0.186734837,1365.52597
940,278.639,0.126610224,1365.518403
941,278.63,0.048612155,1365.51111
942,278.622,0.019415328,1365.50414
943,278.617,0.009405316,1365.497544
944,278.611,0.006024931,1365.49137
945,278.615,0.004887468,1365.48567
946,278.624,0.005478864,1365.480472
947,278.63,0.032039592,1365.475723
948,278.635,0.018616399,1365.471349
949,278.635,0.009401102,1365.467275
950,278.64,0.006041828,1365.463427
951,278.652,0.004894801,1365.459731
952,278.653,0.00450779,1365.456113
953,278.661,0.02322858,1365.452497
954,278.672,0.016392391,1365.448811
955,278.699,0.008686387,1365.44498
956,278.708,0.005803155,1365.44094
957,278.719,0.004814684,1365.436669
958,278.727,0.016262744,1365.432155
959,278.735,0.011905153,1365.427389
960,278.75,0.020968657,1365.422357
961,278.757,0.015677251,1365.41705
962,278.763,0.008338196,1365.411454
963,278.775,0.005666896,1365.40556
964,278.787,0.004766154,1365.399356
965,278.796,0.004464207,1365.39283
966,278.81,0.004362909,1365.385971
967,278.82,0.004328901,1365.378768
968,278.839,0.00431748,1365.371208
969,278.854,0.004313643,1365.36328
970,278.89,0.03093937,1365.354973
971,278.907,0.021344624,1365.346274
972,278.923,0.010480515,1365.337172
973,278.949,0.006414875,1365.327655
974,278.96,0.005020986,1365.317712
975,278.963,0.004550269,1365.30733
976,278.972,0.084583061,1365.296522
977,278.978,0.056056145,1365.285392
978,278.986,0.022787277,1365.274069
979,278.996,0.010599829,1365.262681
980,279.006,0.006429365,1365.251356
981,279.008,0.005023517,1365.240223
982,279.024,0.028468046,1365.229409
983,279.038,0.019691332,1365.219044
984,279.057,0.009879637,1365.209255
985,279.069,0.006209879,1365.20017
986,279.092,0.004951841,1365.191897
987,279.115,0.004527011,1365.184458
988,279.148,0.004384062,1365.177852
989,279.169,0.004336013,1365.17208
990,279.183,0.006241415,1365.167143
991,279.201,0.005755231,1365.163041
992,279.217,0.004825259,1365.159774
993,279.241,0.00448456,1365.157343
994,279.262,0.004369658,1365.155748
995,279.278,0.004331149,1365.15499
996,279.294,0.004318232,1365.155033
997,279.314,0.004313896,1365.155698
998,279.339,0.019157591,1365.156772
999,279.358,0.013808061,1365.158038
1000,279.382,0.007750995,1365.159283
1001,279.404,0.005484283,1365.160293
1002,279.426,0.00470715,1365.160852
1003,279.448,0.069752612,1365.160746
1004,279.477,0.044452531,1365.15976
1005,279.499,0.018532121,1365.15768
1006,279.524,0.009162078,1365.154331
1007,279.541,0.005946267,1365.149696
1008,279.56,0.004861263,1365.143797
1009,279.579,0.004496362,1365.136658
1010,279.601,0.004373739,1365.128301
1011,279.63,0.029310095,1365.118748
1012,279.661,0.020296282,1365.108023
1013,279.692,0.010100658,1365.096149
1014,279.73,0.006285356,1365.083147
1015,279.76,0.004977306,1365.06904
1016,279.795,0.004535577,1365.05389
1017,279.828,0.00438694,1365.03791
1018,279.86,0.004336981,1365.021353
1019,279.892,0.004320194,1365.004471
1020,279.917,0.035772138,1364.987516
1021,279.949,0.024435369,1364.97074
1022,279.984,0.01159987,1364.954395
1023,280.018,0.006796502,1364.938733
1024,280.052,0.005149688,1364.924008
1025,280.087,0.004593558,1364.91047
1026,280.126,0.004406426,1364.898324
1027,280.164,0.004343527,1364.887582
1028,280.2,0.084021989,1364.878207
1029,280.236,0.050928635,1364.870161
1030,280.276,0.020682033,1364.86341
1031,280.313,0.009907903,1364.857916
1032,280.353,0.006198891,1364.853643
1033,280.395,0.004946351,1364.850553
1034,280.437,0.004524971,1364.848611
1035,280.48,0.004383352,1364.84778
1036,280.514,0.004335772,1364.848018
1037,280.554,0.004319788,1364.849266
1038,280.591,0.004314419,1364.851458
1039,280.632,0.023253555,1364.85453
1040,280.674,0.018514029,1364.858416
1041,280.71,0.009364923,1364.863052
1042,280.754,0.006012558,1364.868372
1043,280.793,0.004881964,1364.874311
1044,280.835,0.00450305,1364.880806
1045,280.876,0.004375948,1364.88779
1046,280.913,0.004333279,1364.895195
1047,280.955,0.00431895,1364.902937
1048,280.991,0.004314137,1364.910927
1049,281.034,0.00431252,1364.919079
1050,281.079,0.004311977,1364.927303
1051,281.128,0.004311795,1364.935513
1052,281.173,0.004311734,1364.943619
1053,281.218,0.004311713,1364.951534
1054,281.273,0.004311706,1364.959171
1055,281.328,0.004311704,1364.96644
1056,281.371,0.004311703,1364.973282
1057,281.418,0.015504475,1364.979749
1058,281.46,0.011471469,1364.985919
1059,281.512,0.006904757,1364.991872
1060,281.557,0.00519577,1364.997686
1061,281.601,0.004609849,1365.003441
1062,281.641,0.004411984,1365.009215
1063,281.685,0.004345404,1365.015089
1064,281.729,0.017636532,1365.021141
1065,281.768,0.012831859,1365.02745
1066,281.802,0.00739735,1365.0341
1067,281.838,0.016792115,1365.041192
1068,281.873,0.011976981,1365.048834
1069,281.91,0.007078677,1365.05713
1070,281.948,0.005254484,1365.066189
1071,281.983,0.0046296,1365.076114
1072,282.023,0.004418621,1365.087014
1073,282.061,0.004347634,1365.098994
1074,282.097,0.004323775,1365.112161
1075,282.133,0.004315758,1365.12662
1076,282.173,0.004313065,1365.142429
1077,282.207,0.00431216,1365.159446
1078,282.245,0.004311856,1365.177482
1079,282.282,0.004311754,1365.196344
1080,282.314,0.00431172,1365.215843
1081,282.35,0.004311708,1365.235787
1082,282.384,0.004311704,1365.255987
1083,282.416,0.004311703,1365.276251
1084,282.45,0.004311703,1365.296389
1085,282.483,0.004311703,1365.31621
1086,282.513,0.004311703,1365.335537
1087,282.547,0.004311703,1365.354246
1088,282.578,0.004311703,1365.372226
1089,282.607,0.004311703,1365.389368
1090,282.647,0.004311703,1365.40556
1091,282.68,0.004311703,1365.420692
1092,282.707,0.006416252,1365.434653
1093,282.738,0.005889706,1365.447334
1094,282.773,0.004873161,1365.458623
1095,282.804,0.004500683,1365.46841
1096,282.832,0.004375064,1365.476602
1097,282.861,0.004332963,1365.483176
1098,282.882,0.004318841,1365.488126
1099,282.915,0.0043141,1365.491446
1100,282.947,0.004312508,1365.493129
1101,282.969,0.004311973,1365.493171
1102,282.996,0.004311794,1365.491565
1103,283.021,0.004311733,1365.488305
1104,283.048,0.004311713,1365.483385
1105,283.077,0.004311706,1365.4768
1106,283.105,0.004311704,1365.468583
1107,283.135,0.004311703,1365.458927
1108,283.167,0.024968522,1365.448063
1109,283.193,0.174630896,1365.436225
1110,283.213,0.070310536,1365.423643
1111,283.232,0.028199518,1365.41055
1112,283.251,0.01248014,1365.397178
1113,283.276,0.007069555,1365.383759
1114,283.306,0.005239703,1365.370526
1115,283.331,0.019822234,1365.35771
1116,283.356,0.014138714,1365.345559
1117,283.38,0.007868005,1365.334381
1118,283.401,0.008269064,1365.3245
1119,283.42,0.006778791,1365.31624
1120,283.448,0.005181544,1365.309926
1121,283.473,0.00460441,1365.305881
1122,283.494,0.004409874,1365.304429
1123,283.517,0.00434465,1365.305894
1124,283.543,0.004322766,1365.310599
1125,283.565,0.004315418,1365.31887
1126,283.587,0.004312951,1365.33089
1127,283.61,0.076922856,1365.346283
1128,283.631,0.047519694,1365.364537
1129,283.655,0.019534559,1365.385135
1130,283.675,0.009511462,1365.407563
1131,283.699,0.006064774,1365.431306
1132,283.719,0.004901198,1365.45585
1133,283.739,0.004509792,1365.48068
1134,283.758,0.004378252,1365.505282
1135,283.779,0.004334059,1365.52914
1136,283.795,0.004319213,1365.551739
1137,283.814,0.029527418,1365.57256
1138,283.836,0.020440863,1365.591081
1139,283.854,0.010153182,1365.606782
1140,283.877,0.006303274,1365.619142
1141,283.893,0.00498335,1365.627641
1142,283.913,0.00453761,1365.631758
1143,283.929,0.004387624,1365.630972
1144,283.948,0.00433721,1365.624763
1145,283.961,0.004320271,1365.61261
1146,283.982,0.004314581,1365.594244
1147,283.999,0.00431267,1365.570405
1148,284.01,0.004312027,1365.542085
1149,284.028,0.004311812,1365.510273
1150,284.048,0.004311739,1365.475963
1151,284.058,0.004311715,1365.440146
1152,284.071,0.004311707,1365.403812
1153,284.096,0.004311704,1365.367954
1154,284.112,0.004311703,1365.333563
1155,284.125,0.004311703,1365.30163
1156,284.131,0.004311703,1365.272976
1157,284.141,0.004311703,1365.247736
1158,284.152,0.004311703,1365.225877
1159,284.158,0.004311703,1365.207363
1160,284.165,0.004311703,1365.19216
1161,284.164,0.004311703,1365.180232
1162,284.164,0.004311703,1365.171545
1163,284.166,0.004311703,1365.166063
1164,284.168,0.004311703,1365.163754
1165,284.169,0.004311703,1365.16458
1166,284.169,0.004311703,1365.16843
1167,284.168,0.004311703,1365.174882
1168,284.164,0.004311703,1365.183433
1169,284.167,0.004311703,1365.193585
1170,284.165,0.004311703,1365.204836
1171,284.165,0.18920931,1365.216685
1172,284.164,0.129381116,1365.228633
1173,284.159,0.049153969,1365.240179
1174,284.164,0.019553476,1365.250821
1175,284.164,0.00944255,1365.26006
1176,284.166,0.006036085,1365.267513
1177,284.165,0.004891031,1365.273272
1178,284.164,0.004506316,1365.277545
1179,284.16,0.004377077,1365.280544
1180,284.157,0.006987224,1365.282476
1181,284.156,0.006308735,1365.283551
1182,284.15,0.123429848,1365.28398
1183,284.145,0.080293584,1365.283971
1184,284.128,0.031823641,1365.283735
1185,284.098,0.013691085,1365.28348
1186,284.07,0.007474808,1365.283382
1187,284.055,0.005375603,1365.283479
1188,284.045,0.004669248,1365.283774
1189,284.022,0.004431828,1365.284272
1190,283.999,0.004352057,1365.284975
1191,283.967,0.105535429,1365.285888
1192,283.942,0.075506624,1365.287015
1193,283.924,0.029934344,1365.288358
1194,283.896,0.0129968,1365.289922
1195,283.876,0.007232661,1365.29171
1196,283.846,0.005293044,1365.293685
1197,283.816,0.004641353,1365.295646
1198,283.797,0.004422436,1365.297349
1199,283.769,0.004348899,1365.298553
1200,283.744,0.043086537,1365.299014
1201,283.726,0.0291113,1365.298491
1202,283.699,0.013293268,1365.296741
1203,283.679,0.007373837,1365.29352
1204,283.661,0.00534439,1365.288588
1205,283.646,0.004659046,1365.2817
1206,283.63,0.004428435,1365.272719
1207,283.611,0.004350922,1365.261924
1208,283.589,0.004324878,1365.249698
1209,283.566,0.004316129,1365.236424
1210,283.545,0.059687958,1365.222486
1211,283.52,0.039734204,1365.208267
1212,283.498,0.017140663,1365.194149
1213,283.473,0.008685558,1365.180516
1214,283.452,0.005786762,1365.167752
1215,283.423,0.004807837,1365.15624
1216,283.4,0.004478439,1365.146298
1217,283.371,0.004367721,1365.137988
1218,283.342,0.004330521,1365.131305
1219,283.311,0.004318024,1365.126248
1220,283.282,0.004313826,1365.122811
1221,283.256,0.004312416,1365.120993
1222,283.225,0.02269165,1365.120789
1223,283.195,0.01606887,1365.122196
1224,283.175,0.008569797,1365.125211
1225,283.152,0.005763443,1365.12983
1226,283.128,0.004801294,1365.136007
1227,283.106,0.004476376,1365.14352
1228,283.089,0.004367045,1365.152107
1229,283.06,0.004330296,1365.161502
1230,283.034,0.238705634,1365.171442
1231,283.014,0.166114986,1365.181662
1232,282.996,0.062199393,1365.191899
1233,282.983,0.024002044,1365.201889
1234,282.954,0.010941621,1365.211367
1235,282.932,0.00654008,1365.22007
1236,282.912,0.008537459,1365.22778
1237,282.889,0.007170342,1365.234469
1238,282.858,0.005323814,1365.240155
1239,282.835,0.004652311,1365.244857
1240,282.815,0.004425919,1365.248592
1241,282.79,0.004350031,1365.25138
1242,282.758,0.004324572,1365.253238
1243,282.724,0.004316025,1365.254185
1244,282.698,0.004313155,1365.25424
1245,282.67,0.00431219,1365.25342
1246,282.643,0.004311867,1365.251754
1247,282.613,0.004311758,1365.249306
1248,282.584,0.004311721,1365.246152
1249,282.551,0.004311709,1365.242367
1250,282.517,0.004311705,1365.238024
1251,282.478,0.004311704,1365.233199
1252,282.446,0.004311703,1365.227966
1253,282.42,0.004311703,1365.222401
1254,282.394,0.004311703,1365.216577
1255,282.359,0.004311703,1365.21057
1256,282.333,0.004311703,1365.204433
1257,282.299,0.190331306,1365.198135
1258,282.273,0.455768664,1365.191622
1259,282.233,0.210014426,1365.184842
1260,282.202,0.100732442,1365.177743
1261,282.173,0.044401955,1365.170271
1262,282.142,0.018204256,1365.162373
1263,282.114,0.009007865,1365.153997
1264,282.086,0.005891864,1365.145091
1265,282.06,0.004842791,1365.1356
1266,282.028,0.004490137,1365.125483
1267,282.004,0.004371646,1365.114736
1268,281.984,0.004331839,1365.103366
1269,281.967,0.033324647,1365.09138
1270,281.94,0.02606297,1365.078785
1271,281.929,0.012050817,1365.065587
1272,281.91,0.006916598,1365.051794
1273,281.888,0.00518507,1365.037412
1274,281.87,0.004604755,1365.022449
1275,281.86,0.004410096,1365.00691
1276,281.844,0.13171573,1364.990815
1277,281.835,0.087214028,1364.974231
1278,281.817,0.03376674,1364.957235
1279,281.799,0.014270973,1364.939907
1280,281.787,0.007656819,1364.922325
1281,281.781,0.005434926,1364.904567
1282,281.774,0.00468893,1364.886712
1283,281.761,0.004438407,1364.868839
1284,281.745,0.004354263,1364.851025
1285,281.722,0.004325999,1364.83335
1286,281.707,0.161177404,1364.815898
1287,281.698,0.112798571,1364.798778
1288,281.686,0.043360643,1364.782105
1289,281.671,0.017560737,1364.765996
1290,281.656,0.008769126,1364.750565
1291,281.635,0.005809439,1364.735927
1292,281.615,0.004814845,1364.722199
1293,281.605,0.004480718,1364.709494
1294,281.596,0.004368477,1364.69793
1295,281.591,0.004330774,1364.68762
1296,281.581,0.004318109,1364.678659
1297,281.575,0.004313854,1364.671057
1298,281.564,0.004312425,1364.664801
1299,281.559,0.004311945,1364.65988
1300,281.554,0.004311784,1364.656281
1301,281.542,0.00431173,1364.653992
1302,281.538,0.004311712,1364.653001
1303,281.53,0.004311706,1364.653297
1304,281.524,0.004311704,1364.654868
1305,281.517,0.004311703,1364.6577
1306,281.512,0.010899857,1364.661746
1307,281.503,0.009251538,1364.666808
1308,281.494,0.006069309,1364.672651
1309,281.487,0.004903292,1364.679042
1310,281.481,0.00451005,1364.685746
1311,281.471,0.004378257,1364.692528
1312,281.454,0.004334049,1364.699155
1313,281.435,0.004319208,1364.705393
1314,281.42,0.004314224,1364.711006
1315,281.394,0.004312549,1364.71576
1316,281.376,0.004311987,1364.719495
1317,281.356,0.004311798,1364.722341
1318,281.328,0.004311735,1364.724505
1319,281.294,0.004311713,1364.72619
1320,281.278,0.004311706,1364.727601
1321,281.259,0.004311704,1364.728943
1322,281.237,0.004311703,1364.730422
1323,281.232,0.004311703,1364.732241
1324,281.217,0.004311703,1364.734605
1325,281.205,0.004311703,1364.73772
1326,281.2,0.004311703,1364.741779
1327,281.197,0.004311703,1364.74693
1328,281.182,0.004311703,1364.75331
1329,281.167,0.047786792,1364.761058
1330,281.167,0.032121739,1364.77031
1331,281.164,0.01438367,1364.781203
1332,281.162,0.007745601,1364.793876
1333,281.156,0.005469766,1364.808465
1334,281.166,0.004701215,1364.825107
1335,281.164,0.004442607,1364.84394
1336,281.172,0.010486326,1364.865022
1337,281.174,0.008923268,1364.888092
1338,281.163,0.005952217,1364.912811
1339,281.16,0.004863878,1364.93884
1340,281.156,0.004496836,1364.965838
1341,281.139,0.021693165,1364.993467
1342,281.117,0.015411354,1365.021386
1343,281.087,0.008331118,1365.049256
1344,281.063,0.005682032,1365.076737
1345,281.046,0.162054999,1365.10349
1346,281.027,0.111956545,1365.129237
1347,281.017,0.043010808,1365.153951
1348,281.014,0.01745024,1365.177665
1349,281.006,0.008732889,1365.200414
1350,280.996,0.005797379,1365.222231
1351,280.99,0.004810809,1365.243152
1352,280.985,0.004479364,1365.26321
1353,280.985,0.004368023,1365.28244
1354,280.986,0.004330621,1365.300875
1355,280.982,0.004318058,1365.31855
1356,280.979,0.004313837,1365.335486
1357,280.97,0.00431242,1365.351647
1358,280.963,0.004311943,1365.366985
1359,280.949,0.004311784,1365.381453
1360,280.934,0.00431173,1365.395
1361,280.921,0.004311712,1365.40758
1362,280.913,0.004311706,1365.419143
1363,280.899,0.004311704,1365.429642
1364,280.879,0.004311703,1365.439027
1365,280.864,0.004311703,1365.44725
1366,280.834,0.004311703,1365.454234
1367,280.824,0.004311703,1365.459781
1368,280.811,0.004311703,1365.463667
1369,280.798,0.004311703,1365.465666
1370,280.775,0.004311703,1365.465551
1371,280.759,0.004311703,1365.463098
1372,280.746,0.004311703,1365.45808
1373,280.732,0.004311703,1365.450271
1374,280.717,0.004311703,1365.439446
1375,280.705,0.004311703,1365.42538
1376,280.691,0.004311703,1365.407958
1377,280.68,0.004311703,1365.387512
1378,280.67,0.012821401,1365.364488
1379,280.662,0.010692321,1365.339329
1380,280.65,0.006581944,1365.31248
1381,280.638,0.031938491,1365.284386
1382,280.634,0.021751336,1365.25549
1383,280.636,0.010620995,1365.226238
1384,280.636,0.006462324,1365.197073
1385,280.631,0.005036948,1365.16844
1386,280.626,0.004555633,1365.140717
1387,280.63,0.00439368,1365.114017
1388,280.627,0.004339245,1365.088385
1389,280.611,0.037899271,1365.063868
1390,280.602,0.025794103,1365.040512
1391,280.605,0.012091906,1365.018363
1392,280.596,0.006964251,1364.997467
1393,280.585,0.00520626,1364.97787
1394,280.568,0.004612585,1364.959619
1395,280.552,0.004412821,1364.94276
1396,280.54,0.004345675,1364.927317
1397,280.518,0.004323115,1364.913229
1398,280.499,0.004315537,1364.900413
1399,280.483,0.004312991,1364.888788
1400,280.464,0.004312135,1364.87827
1401,280.445,0.004311848,1364.868777
1402,280.425,0.004311752,1364.860226
1403,280.406,0.004311719,1364.852534
1404,280.387,0.004311708,1364.84562
1405,280.376,0.004311704,1364.8394
1406,280.369,0.004311703,1364.833797
1407,280.359,0.004311703,1364.828757
1408,280.358,0.004311703,1364.824227
1409,280.349,0.004311703,1364.820159
1410,280.347,0.004311703,1364.816503
1411,280.344,0.004311703,1364.813207
1412,280.339,0.004311703,1364.810222
1413,280.33,0.004311703,1364.807497
1414,280.324,0.022573594,1364.804984
1415,280.318,0.015993424,1364.80263
1416,280.304,0.008542475,1364.800376
1417,280.298,0.005754127,1364.798118
1418,280.29,0.004798153,1364.795743
1419,280.281,0.00447532,1364.793137
1420,280.274,0.00436669,1364.790186
1421,280.272,0.004330177,1364.786777
1422,280.266,0.004317909,1364.782795
1423,280.263,0.004313787,1364.778128
1424,280.274,0.004312403,1364.772661
1425,280.3,0.004311937,1364.76628
1426,280.304,0.004311781,1364.758914
1427,280.324,0.004311729,1364.75066
1428,280.334,0.004311712,1364.741655
1429,280.376,0.004311706,1364.732037
1430,280.41,0.004311704,1364.721946
1431,280.422,0.004311703,1364.711519
1432,280.427,0.004311703,1364.700894
1433,280.425,0.004311703,1364.690211
1434,280.434,0.004311703,1364.679607
1435,280.438,0.004311703,1364.66922
1436,280.428,0.004311703,1364.659186
1437,280.465,0.004311703,1364.649627
1438,280.487,0.004311703,1364.640662
1439,280.518,0.004311703,1364.632411
1440,280.551,0.004311703,1364.624993
1441,280.579,0.020452861,1364.618527
1442,280.63,0.014636839,1364.613132
1443,280.672,0.00805116,1364.608928
1444,280.716,0.00558662,1364.606035
1445,280.754,0.004741662,1364.60457
1446,280.79,0.004456319,1364.604616
1447,280.829,0.004360304,1364.606098
1448,280.869,0.011099189,1364.608907
1449,280.911,0.009394239,1364.612931
1450,280.951,0.006119975,1364.618058
1451,280.99,0.004920345,1364.624177
1452,281.024,0.004515768,1364.631177
1453,281.058,0.106929913,1364.638947
1454,281.088,0.065992595,1364.647375
1455,281.102,0.026083505,1364.65635
1456,281.109,0.011744947,1364.665752
1457,281.115,0.006817427,1364.675428
1458,281.102,0.307911749,1364.685214
1459,281.11,0.232625234,1364.694947
1460,281.134,0.086592857,1364.704466
1461,281.16,0.032181508,1364.713607
1462,281.179,0.013681019,1364.722208
1463,281.194,0.007458919,1364.730105
1464,281.231,0.005368837,1364.737137
1465,281.265,0.004666797,1364.74314
1466,281.301,0.004430981,1364.747992
1467,281.336,0.00435177,1364.751733
1468,281.378,0.004325162,1364.754441
1469,281.414,0.004316224,1364.756196
1470,281.455,0.02552058,1364.757077
1471,281.47,0.017878083,1364.757163
1472,281.493,0.009225027,1364.756534
1473,281.521,0.005986833,1364.755269
1474,281.559,0.004876632,1364.753448
1475,281.591,0.004501715,1364.75115
1476,281.629,0.004375561,1364.748464
1477,281.659,0.060277505,1364.745524
1478,281.71,0.056255961,1364.742473
1479,281.763,0.027509117,1364.739454
1480,281.824,0.038860991,1364.73661
1481,281.877,0.023979429,1364.734085
1482,281.931,0.01136382,1364.732023
1483,281.99,0.00671143,1364.730565
1484,282.047,0.005120585,1364.729857
1485,282.106,0.004583723,1364.73004
1486,282.164,0.004403115,1364.731224
1487,282.225,0.004342414,1364.733379
1488,282.275,0.00432202,1364.736441
1489,282.329,0.004315168,1364.740344
1490,282.392,0.004312867,1364.745025
1491,282.448,0.004312094,1364.750418
1492,282.501,0.004311834,1364.75646
1493,282.56,0.004311747,1364.763086
1494,282.613,0.004311717,1364.77023
1495,282.67,0.004311708,1364.77783
1496,282.723,0.004311704,1364.785802
1497,282.775,0.004311703,1364.793994
1498,282.831,0.004311703,1364.802234
1499,282.888,0.004311703,1364.810351
1500,282.94,0.004311703,1364.818176
1501,282.996,0.004311703,1364.825536
1502,283.041,0.01868558,1364.832262
1503,283.087,0.01350635,1364.838182
1504,283.136,0.007641731,1364.843125
1505,283.178,0.013407715,1364.84692
1506,283.218,0.010663549,1364.849438
1507,283.248,0.006564257,1364.850715
1508,283.274,0.005069819,1364.850825
1509,283.302,0.004565913,1364.849847
1510,283.333,0.026645652,1364.847857
1511,283.371,0.043855571,1364.84493
1512,283.404,0.015850233,1364.841143
1513,283.436,0.008476427,1364.836573
1514,283.467,0.005733807,1364.831297
1515,283.5,0.004791732,1364.82539
1516,283.529,0.004473222,1364.818952
1517,283.538,0.004365993,1364.812174
1518,283.555,0.004329944,1364.805269
1519,283.558,0.004317831,1364.79845
1520,283.558,0.004313761,1364.791932
1521,283.559,0.004312394,1364.785926
1522,283.548,0.004311935,1364.780648
1523,283.54,0.004311781,1364.77631
1524,283.528,0.004311729,1364.773127
1525,283.513,0.004311711,1364.77131
1526,283.504,0.004311706,1364.771028
1527,283.494,0.004311704,1364.772265
1528,283.483,0.02999617,1364.774958
1529,283.481,0.02074148,1364.779044
1530,283.482,0.010262079,1364.784462
1531,283.472,0.006340403,1364.791149
1532,283.453,0.004995871,1364.799043
1533,283.46,0.004541821,1364.808081
1534,283.458,0.004389039,1364.818201
1535,283.454,0.004337686,1364.82934
1536,283.442,0.004320431,1364.841424
1537,283.429,0.015978682,1364.85433
1538,283.402,0.011773916,1364.867922
1539,283.38,0.00701427,1364.882063
1540,283.339,0.005233105,1364.896618
1541,283.311,0.013315144,1364.911452
1542,283.255,0.010934055,1364.926427
1543,283.208,0.006665892,1364.941409
1544,283.154,0.005104074,1364.956262
1545,283.091,0.004577376,1364.97085
1546,283.034,0.004400849,1364.985058
1547,282.983,0.004341634,1364.998853
1548,282.921,0.004321755,1365.012224
1549,282.866,0.004315079,1365.025161
1550,282.799,0.004312837,1365.037651
1551,282.737,0.004312083,1365.049684
1552,282.687,0.004311831,1365.061247
1553,282.626,0.004311746,1365.07233
1554,282.565,0.033183883,1365.082922
1555,282.495,0.022413149,1365.09301
1556,282.449,0.010747161,1365.102591
1557,282.395,0.006504633,1365.111686
1558,282.334,0.005050493,1365.120324
1559,282.263,0.004560066,1365.128533
1560,282.214,0.004395153,1365.136344
1561,282.147,0.004339737,1365.143783
1562,282.08,0.00432112,1365.150881
1563,282.011,0.004314866,1365.157666
1564,281.93,0.004312765,1365.164166
1565,281.856,0.00431206,1365.17041
1566,281.787,0.004311823,1365.176431
1567,281.713,0.033884225,1365.182277
1568,281.621,0.023228567,1365.188001
1569,281.537,0.011162828,1365.193654
1570,281.461,0.0066475,1365.199288
1571,281.377,0.005099438,1365.204955
1572,281.302,0.004576656,1365.210708
1573,281.229,0.004400746,1365.216598
1574,281.145,0.004341619,1365.222678
1575,281.05,0.004321753,1365.229
1576,280.956,0.007975163,1365.235616
1577,280.868,0.007057188,1365.24258
1578,280.774,0.005288532,1365.249948
1579,280.68,0.004640492,1365.257774
1580,280.584,0.004421939,1365.266113
1581,280.48,0.004348692,1365.27502
1582,280.382,0.004324122,1365.284549
1583,280.281,0.004315874,1365.294756
1584,280.18,0.004313104,1365.305694
1585,280.083,0.09119145,1365.31742
1586,279.986,0.053949996,1365.329945
1587,279.886,0.021662914,1365.343116
1588,279.784,0.0102498,1365.356735
1589,279.675,0.006314859,1365.370606
1590,279.569,0.009469034,1365.384532
1591,279.467,0.007899945,1365.398317
1592,279.353,0.005583918,1365.411764
1593,279.237,0.004739866,1365.424676
1594,279.117,0.004455273,1365.436857
1595,278.986,0.078230025,1365.44811
1596,278.867,0.078834624,1365.458254
1597,278.731,0.031932534,1365.467169
1598,278.619,0.013704903,1365.474749
1599,278.531,0.007471853,1365.48089
1600,278.44,0.179834574,1365.485488
1601,278.376,0.143881492,1365.488436
1602,278.305,0.054322114,1365.48963
1603,278.217,0.021362202,1365.488965
1604,278.14,0.010055149,1365.486337
1605,278.063,0.006242318,1365.48164
1606,278.003,0.004960358,1365.474821
1607,277.957,0.00452961,1365.466035
1608,277.896,0.004384903,1365.455487
1609,277.821,0.004336292,1365.443384
1610,277.793,0.004319963,1365.429931
1611,277.76,0.004314477,1365.415335
1612,277.764,0.004312635,1365.399802
1613,277.756,0.004312016,1365.383538
1614,277.706,0.004311808,1365.366749
1615,277.636,0.004311738,1365.34964
1616,277.571,0.004311715,1365.332396
1617,277.497,0.004311707,1365.315107
1618,277.434,0.004311704,1365.297843
1619,277.359,0.004311703,1365.280671
1620,277.287,0.004311703,1365.263662
1621,277.219,0.019226553,1365.246884
1622,277.163,0.01549494,1365.230404
1623,277.091,0.008290728,1365.214293
1624,277.04,0.005650997,1365.198619
1625,276.995,0.00476074,1365.18345
1626,276.938,0.004462374,1365.168804
1627,276.882,0.004362291,1365.154494
1628,276.844,0.004328693,1365.140281
1629,276.796,0.00431741,1365.125926
1630,276.75,0.00431362,1365.111191
1631,276.715,0.004312347,1365.095837
1632,276.68,0.004311919,1365.079626
1633,276.653,0.004311775,1365.062318
1634,276.627,0.004311727,1365.043676
1635,276.605,0.004311711,1365.02346
1636,276.58,0.004311706,1365.001443
1637,276.553,0.023869598,1364.977442
1638,276.537,0.016822449,1364.951282
1639,276.518,0.008842723,1364.922793
1640,276.502,0.005856367,1364.89047
1641,276.49,0.209725632,1364.867512
1642,276.482,0.118701215,1364.846744
1643,276.473,0.045097666,1364.828064
1644,276.465,0.018170115,1364.811369
1645,276.453,0.008977633,1364.796555
1646,276.441,0.034392111,1364.783522
1647,276.435,0.023077173,1364.772165
1648,276.43,0.011094173,1364.762382
1649,276.423,0.006623205,1364.754071
1650,276.417,0.005091165,1364.747129
1651,276.408,0.004573865,1364.741448
1652,276.397,0.004399807,1364.736902
1653,276.399,0.004341303,1364.733358
1654,276.386,0.044615629,1364.730684
1655,276.371,0.030090201,1364.728748
1656,276.364,0.013647818,1364.727417
1657,276.359,0.007494717,1364.726561
1658,276.345,0.005385157,1364.726046
1659,276.332,0.004672757,1364.72574
1660,276.319,0.004433043,1364.725512
1661,276.308,0.004352469,1364.725254
1662,276.308,0.01127956,1364.724956
1663,276.295,0.009530572,1364.724634
1664,276.298,0.0061685,1364.724303
1665,276.285,0.004936678,1364.723979
1666,276.274,0.004521244,1364.723677
1667,276.272,0.011172742,1364.723411
1668,276.281,0.041742266,1364.723198
1669,276.285,0.021513669,1364.723053
1670,276.291,0.010361833,1364.722991
1671,276.305,0.006364449,1364.723021
1672,276.315,0.005003229,1364.723128
1673,276.332,0.037253648,1364.723293
1674,276.348,0.054067746,1364.723494
1675,276.368,0.023587878,1364.723711
1676,276.367,0.010902233,1364.723924
1677,276.387,0.006530715,1364.724111
1678,276.406,0.005057321,1364.724252
1679,276.438,0.004562174,1364.724326
1680,276.462,0.004395839,1364.724314
1681,276.505,0.004339965,1364.724203
1682,276.536,0.004321196,1364.724025
1683,276.569,0.004314892,1364.723817
1684,276.608,0.004312774,1364.723619
1685,276.634,0.004312063,1364.723472
1686,276.654,0.004311824,1364.723413
1687,276.677,0.004311743,1364.723483
1688,276.696,0.004311716,1364.72372
1689,276.71,0.004311707,1364.724165
1690,276.711,0.004311704,1364.724856
1691,276.728,0.004311703,1364.725822
1692,276.724,0.004311703,1364.727051
1693,276.73,0.040951458,1364.72852
1694,276.749,0.026010152,1364.730206
1695,276.747,0.175321463,1364.732086
1696,276.75,0.120767088,1364.734137
1697,276.739,0.046185434,1364.736336
1698,276.746,0.018512158,1364.73866
1699,276.748,0.009088584,1364.741085
1700,276.747,0.005916708,1364.74359
1701,276.746,0.004850872,1364.746185
1702,276.75,0.004492819,1364.749019
1703,276.758,0.004372542,1364.752274
1704,276.757,0.004332139,1364.756133
1705,276.755,0.004318568,1364.760778
1706,276.749,0.004314009,1364.766392
1707,276.743,0.004312477,1364.773157
1708,276.745,0.020772237,1364.781256
1709,276.739,0.01358268,1364.790872
1710,276.736,0.007635944,1364.802187
1711,276.741,0.005443219,1364.815327
1712,276.733,0.004693163,1364.83019
1713,276.731,0.004439993,1364.84662
1714,276.725,0.004354815,1364.864457
1715,276.723,0.004326187,1364.883544
1716,276.717,0.004316569,1364.903722
1717,276.716,0.004313337,1364.924835
1718,276.717,0.004312252,1364.946724
1719,276.71,0.004311887,1364.969231
1720,276.706,0.017271819,1364.992198
1721,276.695,0.022162757,1365.015413
1722,276.698,0.019691264,1365.038451
1723,276.701,0.010201597,1365.060831
1724,276.7,0.006336473,1365.082074
1725,276.708,0.004995703,1365.101699
1726,276.718,0.00454187,1365.119227
1727,276.719,0.004389067,1365.134178
1728,276.712,0.004337696,1365.146072
1729,276.707,0.061109023,1365.15443
1730,276.715,0.040641016,1365.15877
1731,276.723,0.017469021,1365.158844
1732,276.73,0.008797504,1365.155318
1733,276.733,0.005824515,1365.14909
1734,276.739,0.004820535,1365.141058
1735,276.753,0.004482706,1365.132117
1736,276.76,0.004369155,1365.123167
1737,276.773,0.004331003,1365.115103
1738,276.79,0.004318186,1365.108823
1739,276.812,0.014426365,1365.105225
1740,276.835,0.038896222,1365.105205
1741,276.855,0.019510811,1365.109333
1742,276.876,0.009631108,1365.116864
1743,276.901,0.006114977,1365.126725
1744,276.926,0.004919066,1365.137845
1745,276.953,0.004515912,1365.14915
1746,276.986,0.004380323,1365.159568
1747,277.014,0.004334756,1365.168026
1748,277.044,0.004319447,1365.173452
1749,277.08,0.004314304,1365.174773
1750,277.109,0.004312577,1365.170916
1751,277.147,0.004311997,1365.161305
1752,277.188,0.004311802,1365.14734
1753,277.229,0.004311736,1365.130919
1754,277.263,0.004311714,1365.11394
1755,277.304,0.005947533,1365.098298
1756,277.351,0.021306512,1365.085892
1757,277.389,0.012538983,1365.078617
1758,277.442,0.007220961,1365.078372
1759,277.489,0.005299688,1365.087054
1760,277.54,0.004644604,1365.106558
1761,277.605,0.004423645,1365.137989
1762,277.664,0.06532611,1365.179277
1763,277.732,0.043659929,1365.227556
1764,277.796,0.018361847,1365.279964
1765,277.859,0.009093565,1365.333636
1766,277.913,0.026901404,1365.385708
1767,277.958,0.02661733,1365.433316
1768,278.017,0.012811486,1365.473596
1769,278.078,0.007232162,1365.503684
1770,278.135,0.017669195,1365.520716
1771,278.194,0.012557099,1365.522704
1772,278.27,0.007289293,1365.511163
1773,278.334,0.00532632,1365.488485
1774,278.412,0.004653829,1365.457062
1775,278.491,0.004426771,1365.419286
1776,278.586,0.004350373,1365.377549
1777,278.683,0.004324695,1365.334241
1778,278.774,0.004316067,1365.291756
1779,278.866,0.004313169,1365.252484
1780,278.959,0.004312195,1365.218818
1781,279.054,0.004311868,1365.1926
1782,279.145,0.004311758,1365.173483
1783,279.243,0.105789098,1365.160569
1784,279.34,0.188712716,1365.15296
1785,279.434,0.081290259,1365.14976
1786,279.532,0.048200469,1365.150071
1787,279.629,0.024346416,1365.152997
1788,279.729,0.011337357,1365.15764
1789,279.831,0.006692532,1365.163103
1790,279.933,0.005113363,1365.168489
1791,280.037,0.004581203,1365.173034
1792,280.141,0.004402257,1365.17651
1793,280.241,0.004342124,1365.17882
1794,280.332,0.004321922,1365.179869
1795,280.415,0.004315136,1365.17956
1796,280.4919999,0.016565995,1365.177799
1797,280.5549999,0.026170564,1365.17449
1798,280.6229999,0.016119089,1365.169537
1799,280.6819999,0.008527706,1365.162844
1800,280.7529999,0.005745518,1365.154315
1801,280.8339999,0.004794957,1365.143932
1802,280.9189999,0.004474214,1365.131985
1803,280.9939999,0.004366315,1365.118839
1804,281.0729999,0.00433005,1365.104862
1805,281.1569999,0.004317866,1365.090421
1806,281.2339999,0.004313773,1365.07588
1807,281.3219999,0.004312398,1365.061608
1808,281.4089999,0.004311936,1365.04797
1809,281.4959999,0.201681263,1365.035334
1810,281.5659999,0.14220998,1365.024065
1811,281.6479999,0.053921479,1365.014507
1812,281.7179999,0.021149456,1365.006906
1813,281.7899999,0.00997712,1365.001487
1814,281.8579999,0.006215413,1364.998472
1815,281.9309999,0.198105698,1364.998085
1816,281.9919999,0.2566985,1365.000549
1817,282.0589999,0.100086286,1365.006088
1818,282.1269999,0.036967075,1365.014925
1819,282.1999999,0.015302567,1365.027284
1820,282.2719999,0.008004582,1365.043388
1821,282.3459999,0.010584835,1365.063322
1822,282.4149999,0.010146532,1365.086627
1823,282.4769999,0.022621908,1365.112704
1824,282.5399999,0.013029525,1365.140954
1825,282.6179999,0.007358018,1365.17078
1826,282.6759999,0.005340375,1365.201582
1827,282.6929999,0.004657492,1365.232763
1828,282.6929999,0.004427869,1365.263725
1829,282.7079999,0.004350725,1365.293869
1830,282.7609999,0.004324811,1365.322597
1831,282.8249999,0.136772445,1365.349389
1832,282.8909999,0.081274821,1365.374043
1833,282.9219999,0.031290868,1365.396432
1834,282.9659999,0.013538623,1365.416433
1835,283.0279999,0.106105007,1365.433919
1836,283.0859999,0.07024295,1365.448767
1837,283.1489999,0.027894308,1365.460852
1838,283.1979999,0.012329802,1365.470048
1839,283.2529999,0.007011165,1365.47623
1840,283.3109999,0.005218984,1365.479275
1841,283.3819999,0.004616521,1365.479164
1842,283.4669999,0.004414101,1365.47631
1843,283.5279999,0.0043461,1365.471232
1844,283.5659999,0.004323258,1365.46445
1845,283.6089999,0.004315584,1365.456483
1846,283.7249999,0.026227277,1365.447852
1847,283.8469999,0.018330205,1365.439077
1848,283.9359999,0.009388775,1365.430676
1849,284.0679999,0.006042661,1365.423169
1850,284.2069999,0.004895459,1365.417077
1851,284.3169999,0.004508048,1365.412787
1852,284.4509998,0.004377689,1365.410156
1853,284.5979998,0.015656043,1365.408911
1854,284.7309998,0.033547584,1365.408779
1855,284.8459998,0.021659424,1365.409484
1856,284.9409998,0.010574178,1365.410753
1857,285.0489998,0.006445437,1365.412313
1858,285.2039998,0.005031166,1365.413888
1859,285.3689998,0.004553679,1365.415206
1860,285.5449998,0.004393022,1365.415992
1861,285.7389997,0.004338961,1365.416012
1862,285.9329997,0.067115852,1365.415191
1863,286.0999997,0.038209385,1365.413494
1864,286.2709997,0.01639482,1365.410886
1865,286.4419997,0.008419388,1365.407332
1866,286.6139996,0.005694917,1365.402797
1867,286.7809996,0.004776649,1365.397246
1868,286.9549996,0.004467918,1365.390644
1869,287.1049996,0.004364181,1365.382955
1870,287.2249996,0.004329331,1365.374146
1871,287.3549996,0.004317625,1365.364265
1872,287.4939995,0.004313692,1365.353704
1873,287.6639995,0.021631714,1365.34294
1874,287.8599995,0.015390723,1365.332449
1875,288.0609995,0.019634778,1365.322706
1876,288.2909994,0.012914835,1365.314189
1877,288.5199994,0.007393403,1365.307374
1878,288.7519994,0.00536025,1365.302736
1879,288.9929994,0.004665137,1365.300753
1880,289.2209994,0.00443056,1365.301901
1881,289.4699993,0.004351645,1365.306474
1882,289.7369993,0.004325122,1365.31404
1883,290.0189993,0.032971525,1365.323988
1884,290.2629992,0.105823577,1365.335703
1885,290.5119992,0.047699239,1365.348573
1886,290.7969992,0.023202635,1365.361983
1887,291.0999992,0.017716321,1365.375322
1888,291.4139991,0.009230273,1365.387976
1889,291.7629991,0.005974715,1365.399332
1890,292.1129991,0.008529849,1365.408777
1891,292.457999,0.00724335,1365.415841
1892,292.815999,0.00535104,1365.420622
1893,293.1669989,0.004661485,1365.423366
1894,293.4769989,0.004428991,1365.424314
1895,293.7909989,0.004351061,1365.42371
1896,294.0789989,0.004324918,1365.421797
1897,294.3649988,0.004316141,1365.418818
1898,294.6459988,0.004313193,1365.415015
1899,294.9539987,0.004312203,1365.410632
1900,295.2999986,0.004311871,1365.405912
1901,295.6749984,0.004788196,1365.401137
1902,296.006998,0.016545201,1365.396749
1903,296.3249974,0.051942466,1365.393226
1904,296.6539968,0.029287683,1365.391051
1905,296.9539963,0.011021494,1365.390703
1906,297.2889957,0.005827521,1365.392662
1907,297.6619951,0.00770485,1365.397409
1908,298.0979945,0.005850372,1365.405424
1909,298.517994,0.004837426,1365.417187
1910,298.9359935,0.004788196,1365.433179
1911,299.3769929,0.004788196,1365.453598
1912,299.8289923,0.033806108,1365.47752
1913,300.3529917,0.029294051,1365.503735
1914,300.9099911,0.014292376,1365.531038
1915,301.4189908,0.00614078,1365.55822
1916,301.9369903,0.004809435,1365.584075
1917,302.4849897,0.004788301,1365.607395
1918,303.0109891,0.004788196,1365.626972
1919,303.4489886,0.004788196,1365.641599
1920,303.8139883,0.004788196,1365.65007
1921,304.2459877,0.004952674,1365.651617
1922,304.5999873,0.007732816,1365.647237
1923,304.9449868,0.006472399,1365.638369
1924,305.2709861,0.004871861,1365.626451
1925,305.6299855,0.004788196,1365.612919
1926,305.812985,0.004788196,1365.599214
1927,305.9539845,0.004836781,1365.586771
1928,306.1769839,0.005871772,1365.57703
1929,306.3289833,0.008978536,1365.571427
1930,306.4949827,0.005014305,1365.571402
1931,306.6199824,0.005010004,1365.577979
1932,306.8219821,0.008675168,1365.590536
1933,307.0929818,0.005682214,1365.608035
1934,307.4019813,0.004825406,1365.629441
1935,307.7849806,0.004788196,1365.653718
1936,308.22698,0.004788196,1365.679829
1937,309.0119793,0.004788196,1365.706738
1938,309.7639786,0.004788196,1365.733411
1939,310.2939782,0.004788196,1365.758809
1940,310.8509776,0.004788196,1365.781898
1941,311.3569769,0.004788196,1365.801913
1942,311.8109763,0.004788196,1365.819181
1943,312.1719757,0.004788196,1365.834301
1944,312.3899752,0.004788196,1365.847871
1945,312.4129748,0.004788196,1365.860491
1946,312.3849746,0.004788196,1365.872758
1947,312.389974,0.004788196,1365.885272
1948,312.4859732,0.004788196,1365.898631
1949,312.5209725,0.004788196,1365.913434
1950,312.6319721,0.004788196,1365.93028
1951,312.8209713,0.004788196,1365.949488
1952,313.0139706,0.004788196,1365.970261
1953,313.34197,0.004788196,1365.991523
1954,313.7299694,0.004788196,1366.012195
1955,314.0949688,0.004788196,1366.031203
1956,314.414968,0.004788196,1366.047468
1957,314.6979672,0.004788196,1366.059915
1958,314.9919665,0.004788196,1366.067466
1959,315.3449659,0.004788196,1366.069045
1960,315.8069651,0.004788196,1366.063575
1961,316.6249644,0.005019521,1366.050455
1962,317.2989638,0.008802177,1366.030991
1963,318.0439631,0.058698325,1366.006963
1964,318.6499622,0.046893267,1365.980151
1965,319.3329614,0.030905432,1365.952336
1966,319.8159605,0.00764395,1365.9253
1967,320.8799597,0.010868533,1365.900822
1968,321.4799589,0.008744925,1365.880684
1969,322.388958,0.006756721,1365.866665
1970,323.250957,0.006828932,1365.860548
1971,324.7829559,0.010771817,1365.863542
1972,325.399955,0.027979826,1365.874572
1973,327.3489541,0.006176327,1365.891994
1974,329.9089531,0.012097637,1365.914162
1975,330.7559525,0.02458967,1365.939433
1976,330.826952,0.011588841,1365.96616
1977,331.544951,0.007257902,1365.992699
1978,333.3529501,0.005958667,1366.017404
1979,335.0099494,0.006905622,1366.038632
1980,336.6049484,0.009290115,1366.054736
1981,338.7049479,0.011051756,1366.064465
1982,340.0589478,0.029872767,1366.068141
1983,340.6439474,0.055610366,1366.066476
1984,342.2659473,0.028123475,1366.060186
1985,344.0079495,0.015287866,1366.049985
1986,345.4589538,0.015462031,1366.036586
1987,346.9029481,0.01129617,1366.020705
1988,348.7749474,0.008403461,1366.003054
1989,351.2759329,0.00639322,1365.98435
1990,352.8939214,0.006697522,1365.965304
1991,354.0729301,0.04754432,1365.946554
1992,355.3529349,0.107528221,1365.928421
1993,356.2289489,0.058470578,1365.911145
1994,356.9249589,0.018189804,1365.894971
1995,358.2539622,0.009363501,1365.88014
1996,360.2389564,0.006074252,1365.866895
1997,362.0049615,0.004859915,1365.855477
1998,363.2519618,0.00480351,1365.84613
1999,365.932958,0.004622932,1365.839096
2000,367.8449748,0.004612601,1365.834617
